<?xml version="1.0"?>
<launch>
  <arg name="input/pointcloud" default="/sensing/lidar/top/outlier_filtered/pointcloud"/>
  <arg name="output/objects" default="objects"/>
  <arg name="model_name" default="centerpoint_tiny" description="options: `centerpoint` or `centerpoint_tiny`"/>
  <arg name="model_path" default="$(find-pkg-share lidar_centerpoint_collect)/data"/>
  <arg name="model_param_path" default="$(find-pkg-share lidar_centerpoint_collect)/config/$(var model_name).param.yaml"/>
  <arg name="class_remapper_param_path" default="$(find-pkg-share lidar_centerpoint_collect)/config/detection_class_remapper.param.yaml"/>
  <arg name="score_threshold" default="0.35"/>
  <arg name="has_twist" default="false"/>

  <node pkg="lidar_centerpoint_collect" exec="lidar_centerpoint_node" name="lidar_centerpoint_collect" output="screen">
    <remap from="~/input/pointcloud" to="$(var input/pointcloud)"/>
    <remap from="~/output/objects" to="$(var output/objects)"/>
    <param name="score_threshold" value="$(var score_threshold)"/>
    <param name="densification_world_frame_id" value="velodyne_top_base_link"/>
    <param name="densification_num_past_frames" value="1"/>
    <param name="trt_precision" value="fp32"/>
    <param name="has_twist" value="$(var has_twist)"/>
    <param name="encoder_onnx_path" value="$(var model_path)/pts_voxel_encoder_$(var model_name).onnx"/>
    <param name="encoder_engine_path" value="$(var model_path)/pts_voxel_encoder_$(var model_name).engine"/>
    <param name="head_onnx_path" value="$(var model_path)/pts_backbone_neck_head_$(var model_name).onnx"/>
    <param name="head_engine_path" value="$(var model_path)/pts_backbone_neck_head_$(var model_name).engine"/>
    <param from="$(var model_param_path)"/>
    <param from="$(var class_remapper_param_path)"/>
  </node>
</launch>
