<launch>
  <arg name="use_concat_filter" default="true"/>
  <arg name="vehicle_mirror_param_file"/>
  <arg name="use_pointcloud_container" default="false" description="launch pointcloud container"/>
  <arg name="pointcloud_container_name" default="pointcloud_container"/>
  <arg name="use_distortion_corrector" default="true"/>

  <group>
    <push-ros-namespace namespace="lidar"/>

    <group>
      <push-ros-namespace namespace="top"/>
      <include file="$(find-pkg-share common_awsim_sensor_launch)/launch/velodyne_lidar.launch.xml">
        <arg name="vehicle_mirror_param_file" value="$(var vehicle_mirror_param_file)"/>
        <arg name="use_distortion_corrector" value="$(var use_distortion_corrector)"/>
      </include>
    </group>

    <group>
      <push-ros-namespace namespace="left"/>
      <include file="$(find-pkg-share common_awsim_sensor_launch)/launch/velodyne_lidar.launch.xml">
        <arg name="vehicle_mirror_param_file" value="$(var vehicle_mirror_param_file)"/>
        <arg name="use_distortion_corrector" value="$(var use_distortion_corrector)"/>
      </include>
    </group>

    <group>
      <push-ros-namespace namespace="right"/>
      <include file="$(find-pkg-share common_awsim_sensor_launch)/launch/velodyne_lidar.launch.xml">
        <arg name="vehicle_mirror_param_file" value="$(var vehicle_mirror_param_file)"/>
        <arg name="use_distortion_corrector" value="$(var use_distortion_corrector)"/>
      </include>
    </group>

    <include file="$(find-pkg-share awsim_sensor_kit_launch)/launch/pointcloud_preprocessor.launch.py">
      <arg name="base_frame" value="base_link"/>
      <arg name="use_intra_process" value="true"/>
      <arg name="use_multithread" value="true"/>
      <arg name="use_pointcloud_container" value="$(var use_pointcloud_container)"/>
      <arg name="container_name" value="$(var pointcloud_container_name)"/>
    </include>
  </group>
</launch>
