<launch>
  <arg name="launch_driver" default="true"/>
  <arg name="gnss_receiver" default="ublox" description="ublox(default) or septentrio"/>
  <arg name="coordinate_system" default="1" description="0:UTM, 1:MGRS, 2:PLANE"/>

  <group>
    <push-ros-namespace namespace="gnss"/>

    <!-- Switch topic name -->
    <let name="navsatfix_topic_name" value="ublox/nav_sat_fix" if="$(eval &quot;'$(var gnss_receiver)'=='ublox'&quot;)"/>
    <let name="navsatfix_topic_name" value="septentrio/nav_sat_fix" if="$(eval &quot;'$(var gnss_receiver)'=='septentrio'&quot;)"/>
    <let name="orientation_topic_name" value="/autoware_orientation"/>

    <!-- Ublox Driver -->
    <group if="$(eval &quot;'$(var gnss_receiver)'=='ublox'&quot;)">
      <node pkg="ublox_gps" name="ublox" exec="ublox_gps_node" if="$(var launch_driver)" respawn="true" respawn_delay="1.0">
        <remap from="~/fix" to="~/nav_sat_fix"/>
        <param from="$(find-pkg-share ublox_gps)/c94_f9p_rover.yaml"/>
      </node>
    </group>

    <!-- Septentrio GNSS Driver -->
    <group if="$(eval &quot;'$(var launch_driver)' and '$(var gnss_receiver)'=='septentrio'&quot;)">
      <include file="$(find-pkg-share septentrio_gnss_driver)/launch/mosaic_x5_rover.launch.xml"/>
    </group>

    <!-- NavSatFix to MGRS Pose -->
    <include file="$(find-pkg-share gnss_poser)/launch/gnss_poser.launch.xml">
      <arg name="input_topic_fix" value="$(var navsatfix_topic_name)"/>
      <arg name="input_topic_orientation" value="$(var orientation_topic_name)"/>

      <arg name="output_topic_gnss_pose" value="pose"/>
      <arg name="output_topic_gnss_pose_cov" value="pose_with_covariance"/>
      <arg name="output_topic_gnss_fixed" value="fixed"/>

      <arg name="coordinate_system" value="$(var coordinate_system)"/>
      <arg name="use_gnss_ins_orientation" value="true"/>

      <arg name="gnss_frame" value="gnss_link"/>
    </include>
  </group>
</launch>
