<launch>
  <arg name="launch_driver" default="true" description="do launch driver"/>
  <arg name="vehicle_mirror_param_file" description="path to the file of vehicle mirror position yaml"/>
  <arg name="use_pointcloud_container" default="false" description="launch pointcloud container"/>
  <arg name="pointcloud_container_name" default="pointcloud_container"/>

  <group>
    <!-- LiDAR Driver -->
    <!-- <include file="$(find-pkg-share kunyi_sensor_kit_launch)/launch/lidar.launch.xml">
      <arg name="launch_driver" value="$(var launch_driver)"/>
      <arg name="vehicle_mirror_param_file" value="$(var vehicle_mirror_param_file)"/>
      <arg name="use_pointcloud_container" value="$(var use_pointcloud_container)"/>
      <arg name="pointcloud_container_name" value="$(var pointcloud_container_name)"/>
    </include> -->

    <!-- Camera Driver -->
    <!-- <include file="$(find-pkg-share sample_sensor_kit_launch)/launch/camera.launch.xml">
      <arg name="launch_driver" value="$(var launch_driver)" />
    </include> -->

    <!-- IMU Driver -->
    <!-- <include file="$(find-pkg-share sample_sensor_kit_launch)/launch/imu.launch.xml">
      <arg name="launch_driver" value="$(var launch_driver)"/>
    </include> -->

    <!-- GNSS Driver -->
    <!-- <include file="$(find-pkg-share sample_sensor_kit_launch)/launch/gnss.launch.xml">
      <arg name="launch_driver" value="$(var launch_driver)"/>
    </include> -->

    <!-- Vehicle Velocity Converter  -->
    <include file="$(find-pkg-share vehicle_velocity_converter)/launch/vehicle_velocity_converter.launch.xml">
      <arg name="input_vehicle_velocity_topic" value="/vehicle/status/velocity_status"/>
      <arg name="output_twist_with_covariance" value="/sensing/vehicle_velocity_converter/twist_with_covariance"/>
    </include>
  </group>
</launch>
