<?xml version='1.0' encoding='UTF-8'?>
<root>
 <tabbed_widget parent="main_window" name="Main Window">
  <Tab containers="1" tab_name="tab1">
   <Container>
    <DockSplitter sizes="1" orientation="-" count="1">
     <DockArea name="...">
      <plot flip_y="false" flip_x="false" mode="TimeSeries" style="Lines">
       <range top="250.000000" bottom="0.000000" left="1652436705.743731" right="1652436764.817605"/>
       <limitY max="250" min="0"/>
       <curve color="#1f77b4" name="/perception/object_recognition/detection/voxel_based_compare_map_filter/debug/processing_time_ms/data"/>
       <curve color="#d62728" name="/perception/object_recognition/detection/apollo/lidar_apollo_instance_segmentation/debug/processing_time_ms/data"/>
       <curve color="#1ac938" name="/sensing/lidar/left/crop_box_filter/debug/processing_time_ms/data"/>
       <curve color="#ff7f0e" name="/sensing/lidar/top/crop_box_filter/debug/processing_time_ms/data"/>
       <curve color="#f14cc1" name="/sensing/lidar/top/ring_outlier_filter/debug/processing_time_ms/data"/>
       <curve color="#9467bd" name="/sensing/lidar/left/ring_outlier_filter/debug/processing_time_ms/data"/>
       <curve color="#17becf" name="/perception/object_recognition/detection/voxel_based_approximate_compare_map_filter/debug/processing_time_ms/data"/>
      </plot>
     </DockArea>
    </DockSplitter>
   </Container>
  </Tab>
  <currentTabIndex index="0"/>
 </tabbed_widget>
 <use_relative_time_offset enabled="0"/>
 <!-- - - - - - - - - - - - - - - -->
 <!-- - - - - - - - - - - - - - - -->
 <Plugins>
  <plugin ID="DataLoad CSV">
   <default time_axis="" delimiter="0"/>
  </plugin>
  <plugin ID="DataLoad ROS2 bags">
   <use_header_stamp value="false"/>
   <discard_large_arrays value="true"/>
   <max_array_size value="100"/>
   <boolean_strings_to_number value="true"/>
   <remove_suffix_from_strings value="true"/>
  </plugin>
  <plugin ID="DataLoad ULog"/>
  <plugin ID="ROS2 Topic Subscriber">
   <use_header_stamp value="false"/>
   <discard_large_arrays value="false"/>
   <max_array_size value="10"/>
   <boolean_strings_to_number value="false"/>
   <remove_suffix_from_strings value="false"/>
  </plugin>
  <plugin ID="UDP Server"/>
  <plugin ID="WebSocket Server"/>
  <plugin ID="Fast Fourier Transform"/>
  <plugin ID="Quaternion to RPY"/>
  <plugin ID="Reactive Script Editor">
   <library code="--[[ Helper function to create a ScatterXY series from arrays.&#xa;&#xa; series_name: name of the created ScatterXY series&#xa; prefix:      prefix of the timeseries, before the index of the array&#xa; suffix_X:   suffix to complete the name of the series containing the X value.&#xa;             if [nil], the index of the array will be used.&#xa; suffix_Y:   suffix to complete the name of the series containing the Y value&#xa; timestamp:   usually the tracker_time variable&#xa;              &#xa; Example:&#xa; &#xa; Assuming we have multiple series in the form:&#xa; &#xa;   /trajectory/node.{N}/position/x&#xa;   /trajectory/node.{N}/position/y&#xa;   &#xa; where {N} is the index of the array (integer). We can create a reactive series from the array with:&#xa; &#xa;   CreateSeriesFromArray( &quot;my_trajectory&quot;, &quot;/trajectory/node&quot;,  &quot;position/x&quot;, &quot;position/y&quot;, tracker_time );&#xa;]]--&#xa;&#xa;function CreateSeriesFromArray( series_name, prefix, suffix_X, suffix_Y, timestamp )&#xa;  --- create a new series or overwite the previous one&#xa;  new_series = MutableScatterXY.new(series_name)&#xa;  &#xa;  --- Append points to new_series&#xa;  index = 0&#xa;  while(true) do&#xa;&#xa;    x = index;&#xa;    -- if not nil, get the X coordinate from a series&#xa;    if suffix_X ~= nil then &#xa;      series_x = TimeseriesView.find( string.format( &quot;%s.%d/%s&quot;, prefix, index, suffix_X) )&#xa;      if series_x == nil then break end&#xa;      x = series_x:atTime(timestamp)&#x9; &#xa;    end&#xa;    &#xa;    series_y = TimeseriesView.find( string.format( &quot;%s.%d/%s&quot;, prefix, index, suffix_Y) )&#xa;    if series_x == nil then break end &#xa;    y = series_y:atTime(timestamp)&#xa;    &#xa;    new_series:push_back(x,y)&#xa;    index = index+1&#xa;  end&#xa;end&#xa;"/>
   <scripts/>
  </plugin>
  <plugin ID="CSV Exporter"/>
  <plugin ID="ROS2 Topic Re-Publisher"/>
 </Plugins>
 <!-- - - - - - - - - - - - - - - -->
 <previouslyLoaded_Datafiles/>
 <previouslyLoaded_Streamer name="ROS2 Topic Subscriber"/>
 <!-- - - - - - - - - - - - - - - -->
 <customMathEquations/>
 <snippets/>
 <!-- - - - - - - - - - - - - - - -->
</root>
