<launch>
  <arg name="input_topic_name" default="/sensing/lidar/top/pointcloud_raw"/>
  <arg name="output_topic_name" default="/sensing/lidar/top/random_downsample_filter/pointcloud"/>

  <arg name="sample_num" default="1500"/>
  <arg name="input_frame" default=""/>
  <arg name="output_frame" default="base_link"/>

  <node pkg="pointcloud_preprocessor" exec="random_downsample_filter_node" name="random_downsample_filter">
    <remap from="input" to="$(var input_topic_name)"/>
    <remap from="output" to="$(var output_topic_name)"/>

    <param name="sample_num" value="$(var sample_num)"/>
    <param name="input_frame" value="$(var input_frame)"/>
    <param name="output_frame" value="$(var output_frame)"/>
  </node>
</launch>
