<launch>
  <!-- Params -->
  <arg name="launch_driver" default="true"/>

  <arg name="model" default="VLP16"/>
  <arg name="calibration" default="$(find-pkg-share velodyne_pointcloud)/params/VLP16db.yaml"/>
  <arg name="max_range" default="130.0"/>
  <arg name="min_range" default="0.4"/>
  <arg name="invalid_intensity" default="[0.0, 0.0, 0.0, 0.0, 0.0, 0.0, 0.0, 0.0, 0.0, 0.0, 0.0, 0.0, 0.0, 0.0, 0.0, 0.0]"/>
  <arg name="sensor_frame" default="velodyne"/>
  <arg name="device_ip" default="192.168.1.201"/>
  <arg name="port" default="2368"/>
  <arg name="scan_phase" default="0.0"/>
  <arg name="view_direction" default="0.0"/>
  <arg name="view_width" default="6.28"/>
  <arg name="vehicle_mirror_param_file"/>

  <include file="$(find-pkg-share common_sensor_launch)/launch/velodyne_node_container.launch.py">
    <arg name="launch_driver" value="$(var launch_driver)"/>
    <arg name="model" value="$(var model)"/>
    <arg name="calibration" value="$(var calibration)"/>
    <arg name="max_range" value="$(var max_range)"/>
    <arg name="min_range" value="$(var min_range)"/>
    <arg name="invalid_intensity" value="$(var invalid_intensity)"/>
    <arg name="frame_id" value="$(var sensor_frame)"/>
    <arg name="device_ip" value="$(var device_ip)"/>
    <arg name="port" value="$(var port)"/>
    <arg name="scan_phase" value="$(var scan_phase)"/>
    <arg name="view_direction" value="$(var view_direction)"/>
    <arg name="view_width" value="$(var view_width)"/>
    <arg name="vehicle_mirror_param_file" value="$(var vehicle_mirror_param_file)"/>
    <arg name="use_intra_process" value="true"/>
    <arg name="use_multithread" value="false"/>
  </include>

  <!-- Velodyne Monitor -->
  <include file="$(find-pkg-share velodyne_monitor)/launch/velodyne_monitor.launch.xml" if="$(var launch_driver)">
    <arg name="ip_address" value="$(var device_ip)"/>
  </include>
</launch>
